Timestamp,Group ID,Score,Loss History
2025-04-07T15:31:37.469475,"('[C2mim][CH3SO3]', 'Aluminum Oxide (Al2O3)', np.float64(10.0), '-')",-1,"[245.49049377441406, 56.290924072265625, 0.013159691356122494, 31.494794845581055, 74.50459289550781, 82.26177215576172, 61.29533767700195, 31.083288192749023, 7.891454219818115, 0.001590347965247929, 6.604175567626953, 19.82442283630371, 30.087785720825195, 31.751976013183594, 25.050390243530273, 14.28648853302002, 4.760659694671631, 0.20255905389785767, 1.3927087783813477, 6.244659900665283]"
2025-04-07T15:31:46.316995,"('[C2mim][CH3SO3]', 'Aluminum Oxide (Al2O3)', np.float64(15.0), '-')",-1,"[341.7357482910156, 39.85867691040039, 18.600971221923828, 113.31680297851562, 141.6816864013672, 95.66849517822266, 34.00888442993164, 1.432052493095398, 9.815644264221191, 39.62432861328125, 60.497772216796875, 57.09568405151367, 35.40931701660156, 11.833924293518066, 0.31511208415031433, 4.587690830230713, 17.543596267700195, 27.65519142150879, 27.64404296875, 18.5070858001709, 7.070161819458008, 0.46724510192871094, 1.535941481590271, 7.594679355621338, 13.047600746154785]"
2025-04-07T15:31:56.205804,"('[C4mmim][Tf2N]', 'Aluminum Oxide', np.float64(0.5), 'Whisker')",-1,"[22.703365325927734, 25.288745880126953, 18.128007888793945, 0.23749572038650513, 8.59466552734375, 14.77941608428955, 6.228975296020508, 0.010756134986877441, 4.208931922912598, 8.701642990112305, 5.718214988708496, 0.7411540150642395, 0.7800275087356567, 4.270022392272949, 4.987806797027588, 2.082195281982422, 0.016632523387670517, 1.245595932006836]"
2025-04-07T15:32:56.981168,"('[C2mim][CH3SO3]', 'Aluminum Oxide (Al2O3)', np.float64(10.0), '-')",-1,"[6.604175567626953, 23.042795181274414, 5.300473690032959, 1.7032276391983032, 10.66403865814209, 7.927639007568359, 1.0092250108718872, 1.1164920330047607, 5.5066237449646, 5.674751281738281, 1.945116400718689, 0.003984692506492138, 1.8087416887283325, 3.721165895462036, 2.76203989982605, 0.5788870453834534, 0.1270878165960312, 1.4992865324020386, 2.2882041931152344, 1.3595696687698364, 0.14940519630908966, 0.22888095676898956]"
2025-04-07T15:33:05.375991,"('[C2mim][CH3SO3]', 'Aluminum Oxide (Al2O3)', np.float64(15.0), '-')",-1,"[4.587690830230713, 97.24442291259766, 8.028862953186035, 19.871557235717773, 52.16990280151367, 32.52935791015625, 4.287996768951416, 3.6639795303344727, 21.483598709106445, 27.110910415649414, 14.911070823669434, 1.8955985307693481, 1.720858097076416, 10.779487609863281, 15.536018371582031, 10.51081371307373, 2.485860824584961, 0.19066421687602997, 4.499144077301025, 8.695197105407715, 7.463684558868408, 2.7187864780426025, 0.016567928716540337, 1.683855652809143, 4.662784099578857, 4.907236099243164, 2.3102610111236572, 0.13887156546115875, 0.6409162878990173, 2.5272271633148193, 3.0578081607818604, 1.6255055665969849, 0.15203671157360077]"
2025-04-07T15:33:13.646582,"('[C4mmim][Tf2N]', 'Aluminum Oxide', np.float64(0.5), 'Whisker')",-1,"[4.208931922912598, 59.07485580444336, 5.588701248168945, 11.117120742797852, 30.884490966796875, 19.092227935791016, 2.232203960418701, 2.645843029022217, 13.521530151367188, 15.902721405029297, 7.8368353843688965, 0.5959505438804626, 1.7306301593780518, 7.425280570983887, 9.212950706481934, 5.2377214431762695, 0.7364758253097534, 0.5238615274429321, 3.6584718227386475, 5.458207607269287, 3.723931312561035, 0.8347682952880859, 0.10140937566757202, 1.7678289413452148, 3.1930601596832275, 2.4997453689575195, 0.7120355367660522, 0.01523534581065178, 0.9220883846282959, 1.89140784740448, 1.5702203512191772, 0.46828410029411316, 0.007333490066230297, 0.5693625807762146, 1.162459135055542, 0.9249762296676636, 0.2367655634880066, 0.018140718340873718, 0.41893303394317627, 0.7334854602813721, 0.494773805141449, 0.07831588387489319, 0.0482674241065979]"
2025-04-07T15:52:01.460362,"('[C2mim][CH3SO3]', 'Aluminum Oxide (Al2O3)', np.float64(10.0), '-')",-2,"[0.4816490411758423, 0.4557031989097595, 0.4292195439338684, 0.4038879871368408, 0.3798709809780121, 0.3572635054588318, 0.3361016809940338, 0.31649941205978394, 0.29838016629219055, 0.2817828059196472, 0.267667680978775, 0.2557540833950043, 0.24536016583442688, 0.23625095188617706, 0.2284378558397293, 0.22195354104042053, 0.21677152812480927, 0.2128031849861145, 0.21021130681037903, 0.20866352319717407, 0.20779305696487427, 0.20748616755008698, 0.20756079256534576, 0.20785266160964966, 0.20837213099002838, 0.20887359976768494, 0.20922791957855225, 0.20938754081726074, 0.20925778150558472, 0.20881526172161102, 0.20812322199344635, 0.20721861720085144, 0.20615345239639282, 0.20490434765815735, 0.20354625582695007, 0.20213168859481812, 0.20075511932373047, 0.19940371811389923, 0.19810916483402252, 0.19699817895889282, 0.19593796133995056, 0.1949176788330078, 0.1940314918756485, 0.19327110052108765, 0.1925908923149109, 0.19195470213890076, 0.191311314702034, 0.19057199358940125, 0.18978436291217804, 0.18900564312934875, 0.1882142573595047, 0.18736238777637482, 0.18632768094539642, 0.18517526984214783, 0.18401722609996796, 0.18277913331985474, 0.1822005957365036, 0.18139469623565674, 0.18039600551128387, 0.17938272655010223, 0.1784217357635498, 0.17732661962509155, 0.17611852288246155, 0.17511336505413055, 0.17430727183818817, 0.17351393401622772, 0.17264537513256073, 0.1718224287033081, 0.17102587223052979, 0.17040160298347473, 0.16971485316753387, 0.16909173130989075, 0.16844487190246582, 0.16787230968475342, 0.1671844869852066, 0.1664518266916275, 0.1656859964132309, 0.16502735018730164, 0.16431039571762085, 0.16350170969963074, 0.1627511978149414, 0.16213828325271606, 0.161467507481575, 0.16094717383384705, 0.16038598120212555, 0.15972089767456055, 0.15910185873508453, 0.15851189196109772, 0.15780848264694214, 0.1572902798652649, 0.15672755241394043, 0.1560935378074646, 0.15556283295154572, 0.15499740839004517, 0.1543334722518921, 0.15366627275943756, 0.1531553417444229, 0.15267550945281982, 0.15205009281635284, 0.15155045688152313, 0.15110495686531067, 0.15060284733772278, 0.15008944272994995, 0.14953692257404327, 0.14901164174079895, 0.14844414591789246, 0.14782078564167023, 0.14738306403160095, 0.1467668116092682, 0.14617833495140076, 0.14586564898490906, 0.14537738263607025, 0.14473621547222137, 0.14423884451389313, 0.1437532752752304, 0.14324165880680084, 0.14263102412223816, 0.14224593341350555, 0.14172247052192688, 0.1411518156528473, 0.14060986042022705, 0.14013972878456116, 0.13975247740745544, 0.1392183005809784, 0.13872791826725006, 0.1381714642047882, 0.13768604397773743, 0.13724644482135773, 0.13681566715240479, 0.13619941473007202, 0.13570593297481537, 0.13524775207042694, 0.1348913013935089, 0.13433584570884705, 0.1337600201368332, 0.13336044549942017, 0.13291937112808228, 0.13222871720790863, 0.13186758756637573, 0.13141122460365295, 0.13080696761608124, 0.13038131594657898, 0.12991872429847717, 0.12940141558647156, 0.12888091802597046, 0.12836381793022156, 0.12782903015613556, 0.12725260853767395, 0.12674792110919952, 0.1262214183807373, 0.1256314069032669, 0.1251247078180313, 0.12450051307678223, 0.12392029166221619, 0.12352660298347473, 0.12290914356708527, 0.1224406287074089, 0.12188741564750671, 0.12132195383310318, 0.12083230167627335, 0.1202608123421669, 0.11972782015800476, 0.1191491037607193, 0.11851750314235687, 0.1180032417178154, 0.11728336662054062, 0.11666214466094971, 0.11606847494840622, 0.11553730070590973, 0.11490117758512497, 0.1143207848072052, 0.11369232833385468, 0.11300195753574371, 0.11245132982730865, 0.11169418692588806, 0.11147808283567429, 0.1110636442899704, 0.11007706820964813, 0.10946307331323624, 0.10890738666057587, 0.10834089666604996, 0.10774004459381104, 0.10710891336202621, 0.10662466287612915, 0.10593992471694946, 0.10535857081413269, 0.10466864705085754, 0.1040186956524849, 0.10335651785135269, 0.10281605273485184, 0.10218515247106552, 0.10151359438896179, 0.10092088580131531, 0.10020938515663147, 0.0996648445725441, 0.09907268732786179, 0.09843242168426514, 0.09784770011901855, 0.09713035076856613, 0.09650158137083054, 0.09584597498178482, 0.09520832449197769, 0.094644695520401, 0.09402164071798325, 0.09334166347980499, 0.092765673995018, 0.09212122857570648, 0.09135019779205322, 0.09078987687826157, 0.09008194506168365, 0.08960139751434326, 0.08879252523183823, 0.08827273547649384, 0.08767770975828171, 0.08703108131885529, 0.08635395765304565, 0.08574388921260834, 0.0850275382399559, 0.08431865274906158, 0.08370929211378098, 0.08288338780403137, 0.08248858898878098, 0.08153043687343597, 0.08087152242660522, 0.08029694110155106, 0.07958684116601944, 0.07894518226385117, 0.07820110023021698, 0.07749485969543457, 0.07678547501564026, 0.07618080079555511, 0.07547533512115479, 0.07475955039262772, 0.07416155934333801, 0.07347190380096436, 0.07276368141174316, 0.0720827579498291, 0.07136459648609161, 0.07066934555768967, 0.07010763138532639, 0.0692802146077156, 0.06857066601514816, 0.06780226528644562, 0.06709620356559753, 0.06641596555709839, 0.06577515602111816, 0.06505496799945831, 0.06433552503585815, 0.06361506134271622, 0.06286648660898209, 0.06211572885513306, 0.06150957942008972, 0.060649074614048004, 0.060055896639823914, 0.0592857301235199, 0.0584743432700634, 0.05777442082762718, 0.05705060809850693, 0.056362442672252655, 0.05567878484725952, 0.05489695817232132, 0.05421825125813484, 0.05342579632997513, 0.052668504416942596, 0.05198085308074951, 0.05122947692871094, 0.050428204238414764, 0.04967132583260536, 0.04899170249700546, 0.04826598986983299, 0.04750765115022659, 0.04689925163984299, 0.04603283479809761, 0.045333173125982285, 0.044566623866558075, 0.04383331909775734, 0.04314448684453964, 0.042393993586301804, 0.041639674454927444, 0.040899328887462616, 0.0402039997279644, 0.03952985629439354, 0.038826361298561096, 0.03813103213906288, 0.03739083185791969, 0.036727145314216614, 0.03599133342504501, 0.035275813192129135, 0.03462783247232437, 0.033896878361701965, 0.03321757912635803, 0.03250664100050926, 0.03180442750453949, 0.0311599001288414, 0.03049304336309433, 0.029809778556227684, 0.029083533212542534, 0.02844817191362381, 0.02773892879486084, 0.02715078555047512, 0.026521358639001846, 0.02585967630147934, 0.02522512897849083, 0.024559881538152695, 0.02396555058658123, 0.023352570831775665, 0.022663043811917305, 0.02217007987201214, 0.0215547326952219, 0.020903898403048515, 0.02037465013563633, 0.019809067249298096, 0.018991146236658096, 0.018290217965841293, 0.017716163769364357, 0.017119623720645905, 0.016491981223225594, 0.015868069604039192, 0.015214737504720688, 0.01471339724957943, 0.014185866340994835, 0.013604480773210526, 0.013023343868553638, 0.012466385960578918, 0.011950339190661907, 0.011446754448115826, 0.010932563804090023, 0.010413918644189835, 0.009976660832762718, 0.009501252323389053, 0.009013994596898556, 0.008531405590474606, 0.008180035278201103, 0.007761680521070957, 0.007356581278145313, 0.006979154422879219, 0.006601178087294102, 0.0062569789588451385, 0.005878573749214411, 0.005560994613915682, 0.00522734597325325, 0.0049620503559708595, 0.00467347539961338, 0.004353100433945656, 0.004088364075869322, 0.003850901499390602, 0.0035938983783125877, 0.0033551740925759077, 0.0031465222127735615, 0.0029510213062167168, 0.00275270058773458, 0.00254275044426322, 0.002355477074161172, 0.0021835612133145332, 0.0020125331357121468, 0.00188452226575464, 0.0017389438580721617, 0.001586596597917378, 0.0014695591526106, 0.001354712643660605, 0.001258746488019824, 0.0011422631796449423, 0.001045471872203052, 0.0009506901260465384, 0.000860035652294755, 0.0007927098195068538, 0.0007216741214506328, 0.0006496146670542657, 0.0005863858968950808, 0.000530243618413806, 0.00047347601503133774, 0.00042366108391433954, 0.00037844726466573775, 0.00033701889333315194, 0.00030044131563045084, 0.00026777791208587587, 0.00023437429626937956, 0.00020720058819279075, 0.0001856985327322036, 0.0001645642623770982, 0.0001448701659683138, 0.00012635298480745405, 0.00011114789231214672, 9.687236160971224e-05, 8.369729766855016e-05, 7.293666567420587e-05, 6.395729724317789e-05, 5.409308141679503e-05, 4.548400829662569e-05, 3.8839716580696404e-05, 3.318395829410292e-05, 2.7906522518605925e-05, 2.297841274412349e-05, 1.8747836293186992e-05, 1.5402933058794588e-05, 1.2656104445341043e-05, 1.0354784535593353e-05, 8.535599590686616e-06, 6.910507181601133e-06, 5.457731731439708e-06, 4.231089860695647e-06, 3.2886805456655566e-06, 2.5479057512711734e-06, 1.892439058792661e-06, 1.3453949350150651e-06, 9.455059739593707e-07, 6.746911935806565e-07, 4.7672813252574997e-07, 3.100321066540346e-07, 1.6254911372470815e-07, 6.586081013892908e-08, 3.187964736639515e-08, 3.1831884683697353e-08, 3.638381329551521e-08, 3.6427870497846015e-08, 4.4959218570284065e-08, 7.378660882295662e-08, 1.1590800852445682e-07, 1.5304769362955994e-07, 1.7527294460251142e-07, 1.8825866732186114e-07, 2.0228341668371286e-07, 2.1901971081206284e-07, 2.3123791947909922e-07, 2.329409340973143e-07, 2.2594116444452084e-07, 2.171099708903057e-07, 2.098922635695999e-07, 2.023884349000582e-07, 1.9034470710721507e-07, 1.7328088119938911e-07, 1.544902374917001e-07, 1.3748226024290489e-07]"
2025-04-07T15:55:33.110769,"('[C2mim][CH3SO3]', 'Aluminum Oxide (Al2O3)', np.float64(15.0), '-')",-2,"[1.2422786951065063, 1.1838033199310303, 1.1274112462997437, 1.0730974674224854, 1.0258337259292603, 0.981552243232727, 0.9386263489723206, 0.8971696496009827, 0.8569819927215576, 0.8182209134101868, 0.7809314131736755, 0.7451865077018738, 0.7133816480636597, 0.6832327246665955, 0.6558419466018677, 0.6291830539703369, 0.6033581495285034, 0.578405499458313, 0.5550661087036133, 0.5323730111122131, 0.5111701488494873, 0.4909222722053528, 0.471600741147995, 0.4540126919746399, 0.43723317980766296, 0.4209473431110382, 0.4061124920845032, 0.39219343662261963, 0.37943512201309204, 0.3674509823322296, 0.3560079336166382, 0.3449176549911499, 0.33452075719833374, 0.32440775632858276, 0.31457269191741943, 0.3051427900791168, 0.29601365327835083, 0.28718292713165283, 0.2798802852630615, 0.2726386785507202, 0.2656976282596588, 0.2593303322792053, 0.25321221351623535, 0.24737802147865295, 0.24183255434036255, 0.23654842376708984, 0.23161178827285767, 0.22698137164115906, 0.22255980968475342, 0.21834024786949158, 0.2144564688205719, 0.210899218916893, 0.20756053924560547, 0.2045985758304596, 0.20185911655426025, 0.19926539063453674, 0.19680353999137878, 0.19449955224990845, 0.19246581196784973, 0.19061864912509918, 0.18890178203582764, 0.18724766373634338, 0.18580061197280884, 0.1844753623008728, 0.18327440321445465, 0.18216349184513092, 0.181066632270813, 0.18015283346176147, 0.17925532162189484, 0.1784185767173767, 0.17761564254760742, 0.17683753371238708, 0.17612063884735107, 0.1753075271844864, 0.17448684573173523, 0.17377418279647827, 0.17309322953224182, 0.1723238229751587, 0.17153964936733246, 0.17081892490386963, 0.17007797956466675, 0.16927774250507355, 0.168564110994339, 0.16781511902809143, 0.16698457300662994, 0.1660580039024353, 0.16511283814907074, 0.16432039439678192, 0.16341933608055115, 0.16253747045993805, 0.16163939237594604, 0.16079337894916534, 0.15992596745491028, 0.15907502174377441, 0.1581439971923828, 0.15724915266036987, 0.15641023218631744, 0.15554261207580566, 0.15465086698532104, 0.1537778377532959, 0.15286211669445038, 0.15195663273334503, 0.15112081170082092, 0.15018776059150696, 0.14928455650806427, 0.14846013486385345, 0.14756758511066437, 0.1466735601425171, 0.14578890800476074, 0.14490748941898346, 0.14404694736003876, 0.14314381778240204, 0.14232641458511353, 0.14148040115833282, 0.14056134223937988, 0.13967475295066833, 0.13887682557106018, 0.1379987597465515, 0.13712471723556519, 0.13630366325378418, 0.1356969177722931, 0.13498152792453766, 0.1342143565416336, 0.13347384333610535, 0.1327674686908722, 0.13188880681991577, 0.1311621218919754, 0.13041119277477264, 0.12966273725032806, 0.128920316696167, 0.1282259225845337, 0.12757158279418945, 0.126942440867424, 0.12631648778915405, 0.1256398856639862, 0.1250162571668625, 0.12433920055627823, 0.12373126298189163, 0.12311244755983353, 0.12264879047870636, 0.12212307006120682, 0.12144754827022552, 0.12083593010902405, 0.12029672414064407, 0.11979439854621887, 0.11940135806798935, 0.11883631348609924, 0.11819949001073837, 0.11772560328245163, 0.11728557199239731, 0.11677961051464081, 0.11625039577484131, 0.11576415598392487, 0.11532316356897354, 0.11488597840070724, 0.11446957290172577, 0.11400070786476135, 0.1135806292295456, 0.1131826862692833, 0.1128600537776947, 0.1123444065451622, 0.11191864311695099, 0.11161405593156815, 0.11122791469097137, 0.11087219417095184, 0.110520139336586, 0.11022431403398514, 0.10991876572370529, 0.10958649218082428, 0.109226755797863, 0.10885897278785706, 0.10849819332361221, 0.10817540436983109, 0.10788774490356445, 0.10768122971057892, 0.1072189062833786, 0.10695184767246246, 0.10675071179866791, 0.10648531466722488, 0.10618775337934494, 0.10594060271978378, 0.105717733502388, 0.10546453297138214, 0.10518473386764526, 0.1048908606171608, 0.10458849370479584, 0.10436030477285385, 0.10405682027339935, 0.10379638522863388, 0.10361509025096893, 0.10329301655292511, 0.1030912697315216, 0.10287251323461533, 0.10269057750701904, 0.10244480520486832, 0.10213924199342728, 0.10188989341259003, 0.10164935886859894, 0.10138080269098282, 0.10114088654518127, 0.10089138895273209, 0.10080242156982422, 0.1004946306347847, 0.10026684403419495, 0.10004687309265137, 0.09983980655670166, 0.09959875792264938, 0.09940079599618912, 0.09916595369577408, 0.09896630048751831, 0.09873726218938828, 0.09852498769760132, 0.09830669313669205, 0.0981767550110817, 0.09787049889564514, 0.0976627916097641, 0.09747880697250366, 0.09724487364292145, 0.09702210873365402, 0.0968015044927597, 0.09660153836011887, 0.0963735282421112, 0.09613417088985443, 0.09592809528112411, 0.095756396651268, 0.09550219029188156, 0.09533446282148361, 0.09510503709316254, 0.09490564465522766, 0.09469731897115707, 0.09458747506141663, 0.09428026527166367, 0.09409456700086594, 0.09388351440429688, 0.09365154802799225, 0.09345676004886627, 0.09322840720415115, 0.09302393347024918, 0.09282606095075607, 0.09259529411792755, 0.0923849567770958, 0.09216766059398651, 0.09196333587169647, 0.09177315980195999, 0.0915447399020195, 0.0913345068693161, 0.09113678336143494, 0.09089881181716919, 0.09075941145420074, 0.09049587696790695, 0.09029446542263031, 0.09009622782468796, 0.0899069756269455, 0.08968445658683777, 0.08947348594665527, 0.0892932265996933, 0.08906073123216629, 0.08887233585119247, 0.08865188807249069, 0.08844827115535736, 0.08823119103908539, 0.0880177766084671, 0.08781863003969193, 0.08762392401695251, 0.087370865046978, 0.08715249598026276, 0.08692947030067444, 0.08670682460069656, 0.08648259937763214, 0.08633629232645035, 0.08606284111738205, 0.08586151897907257, 0.08565143495798111, 0.08548665791749954, 0.0852481797337532, 0.08505669236183167, 0.08486974239349365, 0.08464027941226959, 0.08443509042263031, 0.0842234417796135, 0.08400596678256989, 0.08380181342363358, 0.08356831967830658, 0.0833543986082077, 0.08312409371137619, 0.08290166407823563, 0.08272696286439896, 0.0824582427740097, 0.08226281404495239, 0.08201862126588821, 0.08183133602142334, 0.08159981667995453, 0.08145929127931595, 0.08116324245929718, 0.08096049726009369, 0.08076271414756775, 0.08056551963090897, 0.080349400639534, 0.08014125376939774, 0.0799565538764, 0.07972514629364014, 0.0795215368270874, 0.07928520441055298, 0.07906648516654968, 0.07884238660335541, 0.07861360907554626, 0.078405000269413, 0.07818525284528732, 0.07792235910892487, 0.07769057154655457, 0.07749000191688538, 0.07723000645637512, 0.07702897489070892, 0.07677742093801498, 0.07658159732818604, 0.07637109607458115, 0.07615526020526886, 0.07594454288482666, 0.07574895024299622, 0.07554815709590912, 0.07533955574035645, 0.07512331753969193, 0.07493174076080322, 0.07468322664499283, 0.07445896416902542, 0.07422788441181183, 0.07399147003889084, 0.07375000417232513, 0.07350443303585052, 0.07329104095697403, 0.07301037013530731, 0.07276208698749542, 0.07254788279533386, 0.07227858901023865, 0.07211370021104813, 0.07181484252214432, 0.07158449292182922, 0.071381114423275, 0.07112906128168106, 0.0709608644247055, 0.07068009674549103, 0.07045675814151764, 0.07022280991077423, 0.06999185681343079, 0.06974998116493225, 0.06954024732112885, 0.06927885115146637, 0.06903520971536636, 0.0688512995839119, 0.06855834275484085, 0.06832116097211838, 0.06808189302682877, 0.06783153116703033, 0.0675801932811737, 0.06732510775327682, 0.06710265576839447, 0.06683577597141266, 0.06656236946582794, 0.06630980223417282, 0.06609378755092621, 0.0658426508307457, 0.06556718051433563, 0.06532823294401169, 0.0650843009352684, 0.06496880948543549, 0.06460893154144287, 0.06437650322914124, 0.06413716077804565, 0.06389189511537552, 0.06363827735185623, 0.06338809430599213, 0.06312017142772675, 0.0628555417060852, 0.0626232773065567, 0.0623181015253067, 0.06204646825790405, 0.06178154796361923, 0.06149957701563835, 0.06123833358287811, 0.060964081436395645, 0.060684073716402054, 0.060407593846321106, 0.06018771976232529, 0.05987393856048584, 0.05961276963353157, 0.05932839587330818, 0.05905995890498161, 0.058787357062101364, 0.0585109144449234, 0.05833805352449417, 0.058002933859825134, 0.057710785418748856, 0.05744851008057594, 0.05718376487493515, 0.056912556290626526, 0.05663517490029335, 0.05636982247233391, 0.05606861785054207, 0.055789705365896225, 0.055553339421749115, 0.05524245649576187, 0.05493519827723503, 0.05465277284383774, 0.05436435341835022, 0.05409251153469086, 0.05377919599413872, 0.053482603281736374, 0.05322658270597458, 0.052886612713336945, 0.052587226033210754, 0.052283477038145065, 0.05200069770216942, 0.0516708567738533, 0.05141174793243408, 0.05109459534287453, 0.05080331861972809, 0.05053086578845978, 0.05022085830569267, 0.04992609843611717, 0.049624621868133545, 0.04931683838367462, 0.04900365695357323, 0.048700086772441864, 0.048385683447122574, 0.04806240648031235, 0.047766491770744324, 0.04743073508143425, 0.04711184650659561, 0.046831946820020676, 0.04647988826036453, 0.046165578067302704, 0.04585500434041023, 0.04553363472223282, 0.0452156700193882, 0.04490754380822182, 0.044589780271053314, 0.04428289830684662, 0.04394030570983887, 0.04362678900361061, 0.043312929570674896, 0.04298268258571625, 0.04268351197242737, 0.04232560843229294, 0.04199204593896866, 0.041654303669929504, 0.041357170790433884, 0.04103182256221771, 0.04067912697792053, 0.04034096375107765, 0.0400233268737793, 0.039691101759672165, 0.039357736706733704, 0.03901899978518486, 0.03867628052830696, 0.0383390448987484, 0.03799637407064438, 0.03765499219298363, 0.03733213245868683, 0.036986202001571655, 0.036687444895505905, 0.03631531074643135, 0.035985156893730164, 0.035663604736328125, 0.03531146049499512, 0.03496818244457245, 0.03462143987417221, 0.03427829593420029, 0.03392493724822998, 0.03360622003674507, 0.0332365483045578, 0.03289426118135452, 0.0325760617852211, 0.032249145209789276, 0.03189476579427719, 0.03154686093330383, 0.0312036145478487, 0.030883075669407845, 0.03052944876253605, 0.030193110927939415, 0.029850274324417114, 0.02950175292789936, 0.029156722128391266, 0.02883337065577507, 0.02853078581392765, 0.02816030941903591, 0.027813395485281944, 0.02749319188296795, 0.02716510370373726, 0.026829645037651062, 0.026487508788704872, 0.026144560426473618, 0.025828439742326736, 0.02546343207359314, 0.02514500543475151, 0.024831051006913185, 0.024468811228871346, 0.024142559617757797, 0.02381017990410328, 0.02347470074892044, 0.02317933924496174]"
2025-04-07T19:38:14.311919,"('[C2mim][CH3SO3]', 'Aluminum Oxide (Al2O3)', np.float64(10.0), '-')",-1,"[0.8116352558135986, 0.7748705744743347, 0.7447510361671448, 0.716328501701355, 0.6888845562934875, 0.6650059819221497, 0.6422121524810791, 0.6197057962417603, 0.5975803136825562, 0.5758116841316223, 0.5544253587722778, 0.5335330367088318, 0.513123631477356, 0.4937370717525482, 0.4756547808647156, 0.45875561237335205, 0.44269004464149475, 0.4272317886352539, 0.41254788637161255, 0.3981070816516876, 0.38391995429992676, 0.37032729387283325, 0.357377827167511, 0.34498751163482666, 0.3330861032009125, 0.32168763875961304, 0.31081873178482056, 0.30047184228897095, 0.29123958945274353, 0.282431960105896, 0.2740567922592163, 0.2661479115486145, 0.2587817311286926, 0.25184863805770874, 0.24542826414108276, 0.23941949009895325, 0.2335827350616455, 0.22806814312934875, 0.22283853590488434, 0.2179870307445526, 0.21367692947387695, 0.20958223938941956, 0.2056991457939148, 0.2021893858909607, 0.19890117645263672, 0.19620563089847565, 0.19463998079299927, 0.19347435235977173, 0.19221046566963196, 0.19074440002441406, 0.1893494725227356, 0.18814989924430847, 0.18682417273521423, 0.18587861955165863, 0.18517698347568512, 0.18452031910419464, 0.18400974571704865, 0.18325063586235046, 0.1823025643825531, 0.18114973604679108, 0.18026641011238098, 0.1794411540031433, 0.17867699265480042, 0.17765554785728455, 0.17647260427474976, 0.1755279004573822, 0.1745356023311615, 0.17326664924621582, 0.17203320562839508, 0.17109009623527527, 0.1700359731912613, 0.16885137557983398, 0.16766995191574097, 0.16652221977710724, 0.16538387537002563, 0.1642472892999649, 0.16319945454597473, 0.16213299334049225, 0.16105222702026367, 0.15977543592453003, 0.15873897075653076, 0.15790003538131714, 0.15695258975028992, 0.15582993626594543, 0.1550237089395523, 0.15418265759944916, 0.15314322710037231, 0.15223412215709686, 0.15129393339157104, 0.15024328231811523, 0.14947956800460815, 0.1485726237297058, 0.1474473774433136, 0.14658117294311523, 0.145742267370224, 0.14486411213874817, 0.14381414651870728, 0.14305517077445984, 0.14215059578418732, 0.1411036103963852, 0.14038348197937012, 0.13953503966331482, 0.1386309564113617, 0.13787157833576202, 0.1370466947555542, 0.1362520456314087, 0.13558292388916016, 0.13471369445323944, 0.13378632068634033, 0.1329784393310547, 0.13221542537212372, 0.13148394227027893, 0.13086757063865662, 0.13004982471466064, 0.12934978306293488, 0.1285923570394516, 0.12793874740600586, 0.12718194723129272, 0.12638963758945465, 0.12581628561019897, 0.12516367435455322, 0.12461777031421661, 0.12395013868808746, 0.12332968413829803, 0.12265893816947937, 0.12205197662115097, 0.12151680886745453, 0.12081155180931091, 0.12019237875938416, 0.11984964460134506, 0.11923632770776749, 0.11874884366989136, 0.11841344833374023, 0.11780168861150742, 0.11733058094978333, 0.11685837805271149, 0.11630751192569733, 0.11600679159164429, 0.11549714207649231, 0.11479304730892181, 0.11432016640901566, 0.11388501524925232, 0.11353635787963867, 0.11307020485401154, 0.11258564889431, 0.11219918727874756, 0.1117800623178482, 0.111443892121315, 0.11106127500534058, 0.11068286001682281, 0.11033976078033447, 0.10993976891040802, 0.1095997542142868, 0.10923239588737488, 0.10887399315834045, 0.10852967947721481, 0.10819312930107117, 0.10779592394828796, 0.10755481570959091, 0.10714855790138245, 0.10685710608959198, 0.10658913850784302, 0.10625416040420532, 0.10597405582666397, 0.10576339811086655, 0.10540696233510971, 0.10512791574001312, 0.10486294329166412, 0.1045956239104271, 0.10422469675540924, 0.10394001752138138, 0.10370635241270065, 0.10335735976696014, 0.10309603065252304, 0.10280358791351318, 0.10250464826822281, 0.10229138284921646, 0.1019420474767685, 0.10165680944919586, 0.10140079259872437, 0.10114879161119461, 0.10089410096406937, 0.10075618326663971, 0.10036543756723404, 0.10011037439107895, 0.09983817487955093, 0.0995527058839798, 0.09938786178827286, 0.09903503209352493, 0.09876824170351028, 0.0985163003206253, 0.09824953973293304, 0.09802515804767609, 0.09771884232759476, 0.09751355648040771, 0.09727101773023605, 0.09698985517024994, 0.09674665331840515, 0.09650373458862305, 0.0962415561079979, 0.09600494801998138, 0.09576889872550964, 0.09547144174575806, 0.09520868957042694, 0.09496109932661057, 0.09469413757324219, 0.09457273781299591, 0.09418683499097824, 0.0939333513379097, 0.09366989135742188, 0.09339815378189087, 0.0931188315153122, 0.09291481971740723, 0.09263323247432709, 0.09232524037361145, 0.09207243472337723, 0.09181096404790878, 0.09158335626125336, 0.09142866730690002, 0.09105764329433441, 0.09083524346351624, 0.09058085083961487, 0.09032910317182541, 0.09007718414068222, 0.08981175720691681, 0.08953744918107986, 0.08928132057189941, 0.08901846408843994, 0.08884143829345703, 0.08849319815635681, 0.08824022114276886, 0.08798525482416153, 0.08772748708724976, 0.08745772391557693, 0.0873129740357399, 0.0869714617729187, 0.08670082688331604, 0.08645126223564148, 0.08619300276041031, 0.08594170957803726, 0.08568128943443298, 0.08550979942083359, 0.08518002927303314, 0.08493910729885101, 0.0846695825457573, 0.08440883457660675, 0.08417052030563354, 0.08391238749027252, 0.08362395316362381, 0.08336059004068375, 0.08309711515903473, 0.0828268751502037, 0.08265848457813263, 0.08229699730873108, 0.08204224705696106, 0.0817733108997345, 0.08152740448713303, 0.08125551789999008, 0.08103732764720917, 0.08074770867824554, 0.08049265295267105, 0.08022955060005188, 0.07997877895832062, 0.07972492277622223, 0.07949231564998627, 0.07921608537435532, 0.07895811647176743, 0.07871812582015991, 0.07848788797855377, 0.07822302728891373, 0.07795693725347519, 0.0777011513710022, 0.07742220163345337, 0.0771455243229866, 0.07686266303062439, 0.07657548785209656, 0.07628564536571503, 0.07618876546621323, 0.07573314756155014, 0.0754745826125145, 0.0752539187669754, 0.07494261115789413, 0.07474447786808014, 0.07442332804203033, 0.07415962964296341, 0.07391154021024704, 0.07373061776161194, 0.07336799800395966, 0.07311166822910309, 0.07285330444574356, 0.07257900387048721, 0.07240161299705505, 0.07205276936292648, 0.07178656756877899, 0.0715266615152359, 0.07124746590852737, 0.07096816599369049, 0.07068905234336853, 0.07040442526340485, 0.07011889666318893, 0.06982824951410294, 0.06953439116477966, 0.06923812627792358, 0.06909901648759842, 0.0686565414071083, 0.0684145838022232, 0.06809256225824356, 0.06784956902265549, 0.06756648421287537, 0.06729048490524292, 0.06702196598052979, 0.06676710397005081, 0.06652195006608963, 0.06620467454195023, 0.06593266129493713, 0.06566725671291351, 0.06538424640893936, 0.06508610397577286, 0.06479537487030029, 0.06462541222572327, 0.06421814858913422, 0.06393100321292877, 0.06363622844219208, 0.06336315721273422, 0.06304609775543213, 0.06273698806762695, 0.0624331571161747, 0.062124039977788925, 0.06181909143924713, 0.061501745134592056, 0.061213307082653046, 0.060907404869794846, 0.060663774609565735, 0.06031709909439087, 0.06002680957317352, 0.05979626625776291, 0.05945327877998352, 0.059166185557842255, 0.058871470391750336, 0.05861087888479233, 0.05827338993549347, 0.0579695999622345, 0.05765803903341293, 0.05736146122217178, 0.05702447518706322, 0.05670720338821411, 0.05639122053980827, 0.05609791725873947, 0.055776357650756836, 0.05546772480010986, 0.055161189287900925, 0.05484338104724884, 0.05452378839254379, 0.05420096591114998, 0.053874026983976364, 0.05354306474328041, 0.0532088428735733, 0.052871979773044586, 0.052533864974975586, 0.0522504486143589, 0.051955338567495346, 0.051564786583185196, 0.0512397326529026, 0.050929486751556396, 0.05060504004359245, 0.0502881184220314, 0.0499664768576622, 0.049662161618471146, 0.04931807518005371, 0.04899490624666214, 0.04866325482726097, 0.04833861067891121, 0.04799352213740349, 0.04765181243419647, 0.047303587198257446, 0.04695025086402893, 0.046665363013744354, 0.04625683277845383, 0.0459374375641346, 0.04557554051280022, 0.0452321395277977, 0.04488442838191986, 0.0445328950881958, 0.0441771075129509, 0.043818116188049316, 0.04346906393766403, 0.04309794679284096, 0.04275244101881981, 0.04238629713654518, 0.042139746248722076, 0.0416879802942276, 0.041345253586769104, 0.04105011001229286, 0.04066186025738716, 0.04032447189092636, 0.03998497873544693, 0.03963708505034447, 0.03929224610328674, 0.038955893367528915, 0.038588136434555054, 0.038230326026678085, 0.03786595165729523, 0.03749636560678482, 0.037121087312698364, 0.03679443523287773, 0.036406438797712326, 0.0360354445874691, 0.03567370027303696, 0.03531260043382645, 0.03494618460536003, 0.03457525745034218, 0.03420000895857811, 0.03382180258631706, 0.033448249101638794, 0.033066894859075546, 0.032863616943359375, 0.032336313277482986, 0.03202604129910469, 0.03162702918052673, 0.03127049282193184, 0.030921993777155876, 0.030571578070521355, 0.030230015516281128, 0.02986936643719673, 0.02950252592563629, 0.02913883700966835, 0.028777899220585823, 0.028407763689756393, 0.028031542897224426, 0.02771812304854393, 0.027298083528876305, 0.026950368657708168, 0.026590630412101746, 0.026210373267531395, 0.02584657073020935, 0.02548331767320633, 0.025121323764324188, 0.024755652993917465, 0.024412984028458595, 0.024043971672654152, 0.02369007281959057, 0.023356620222330093, 0.02299925684928894, 0.022673018276691437, 0.022326840087771416, 0.021990226581692696, 0.02165965363383293, 0.021325113251805305, 0.020983098074793816, 0.020647132769227028, 0.02030148170888424, 0.019954819232225418, 0.01963338628411293, 0.01927308738231659, 0.018949715420603752, 0.018618915230035782, 0.018276838585734367, 0.017943767830729485, 0.017615459859371185, 0.017324309796094894, 0.016961710527539253, 0.016661815345287323, 0.01633460819721222, 0.01602257788181305, 0.015757564455270767, 0.01542333047837019, 0.015119069255888462, 0.014825722202658653, 0.014530341140925884, 0.014238130301237106, 0.013945674523711205, 0.013652332127094269, 0.013392528519034386, 0.01307365670800209, 0.012789992615580559, 0.012505394406616688, 0.012229885905981064, 0.011959628202021122, 0.011672336608171463, 0.01140790618956089, 0.011143216863274574, 0.010904497466981411, 0.010625340044498444, 0.010369936004281044, 0.010138634592294693, 0.009874492883682251, 0.009638886898756027, 0.009400025941431522, 0.009164188988506794, 0.008932044729590416, 0.008717570453882217, 0.008485718630254269, 0.008260522969067097, 0.008043439127504826, 0.007826494053006172, 0.00761037040501833, 0.007429358549416065, 0.0071938191540539265, 0.0069968970492482185, 0.006820356007665396]"
2025-04-07T19:39:52.723825,"('[C2mim][CH3SO3]', 'Aluminum Oxide (Al2O3)', np.float64(15.0), '-')",-1,"[0.8221728801727295, 0.7878305912017822, 0.7546675205230713, 0.7225093245506287, 0.6913905143737793, 0.6618026494979858, 0.6348326206207275, 0.61241215467453, 0.5917447805404663, 0.5714196562767029, 0.5518412590026855, 0.5327001214027405, 0.513903021812439, 0.4970989525318146, 0.48113948106765747, 0.46660560369491577, 0.4525449573993683, 0.4387584924697876, 0.4251447319984436, 0.4126044511795044, 0.40061771869659424, 0.3896682560443878, 0.37882405519485474, 0.3680705726146698, 0.35917022824287415, 0.34957244992256165, 0.3396344780921936, 0.3296746611595154, 0.32012805342674255, 0.31143251061439514, 0.30296826362609863, 0.29474955797195435, 0.28678804636001587, 0.279092937707901, 0.2718164026737213, 0.2647676169872284, 0.25791478157043457, 0.2513936161994934, 0.24543315172195435, 0.23993100225925446, 0.234824538230896, 0.23029981553554535, 0.2262040376663208, 0.22240765392780304, 0.21882188320159912, 0.21561747789382935, 0.2125774472951889, 0.20972642302513123, 0.20698818564414978, 0.20482641458511353, 0.20280927419662476, 0.2009274959564209, 0.1991182565689087, 0.1974547803401947, 0.19604849815368652, 0.1947796642780304, 0.19358906149864197, 0.19258791208267212, 0.19165951013565063, 0.19086310267448425, 0.1902073323726654, 0.18957264721393585, 0.18901747465133667, 0.18863731622695923, 0.18818633258342743, 0.1877547800540924, 0.18735243380069733, 0.18702492117881775, 0.18659771978855133, 0.18633142113685608, 0.1860591620206833, 0.18566550314426422, 0.1852763593196869, 0.185062974691391, 0.18472909927368164, 0.18431654572486877, 0.18399104475975037, 0.1836255043745041, 0.18327805399894714, 0.18283087015151978, 0.18233270943164825, 0.18200057744979858, 0.18159249424934387, 0.1811419278383255, 0.1807481050491333, 0.18032604455947876, 0.17989248037338257, 0.1794532984495163, 0.17906585335731506, 0.17858657240867615, 0.1781855970621109, 0.17776377499103546, 0.17721672356128693, 0.17676793038845062, 0.1763821244239807, 0.1759386956691742, 0.17537525296211243, 0.17494447529315948, 0.17458826303482056, 0.1741453856229782, 0.17359894514083862, 0.1731957495212555, 0.17290407419204712, 0.17241890728473663, 0.17196939885616302, 0.17150554060935974, 0.17106550931930542, 0.1706041693687439, 0.16992829740047455, 0.16921132802963257, 0.16832385957241058, 0.16736041009426117, 0.16644519567489624, 0.16553722321987152, 0.1654362678527832, 0.16531670093536377, 0.16481494903564453, 0.16399013996124268, 0.1631433665752411, 0.1622539907693863, 0.16152964532375336, 0.16104048490524292, 0.16052502393722534, 0.1599556803703308, 0.15945474803447723, 0.15882053971290588, 0.1580808013677597, 0.1573401391506195, 0.15663397312164307, 0.15617865324020386, 0.15567079186439514, 0.1551014482975006, 0.15431906282901764, 0.15353453159332275, 0.15295426547527313, 0.15245892107486725, 0.15179063379764557, 0.1511748880147934, 0.15055572986602783, 0.14988449215888977, 0.14937706291675568, 0.14883358776569366, 0.1481206715106964, 0.14746181666851044, 0.1469067633152008, 0.1463717371225357, 0.14576081931591034, 0.14517849683761597, 0.144730344414711, 0.1441146731376648, 0.14340855181217194, 0.14279498159885406, 0.1421985626220703, 0.14151589572429657, 0.1408112794160843, 0.14023740589618683, 0.13950884342193604, 0.13882267475128174, 0.1382780224084854, 0.13795596361160278, 0.1374678909778595, 0.13683277368545532, 0.13645803928375244, 0.13571760058403015, 0.1348191350698471, 0.13433429598808289, 0.1339404582977295, 0.13341398537158966, 0.13274037837982178, 0.13230213522911072, 0.1319369375705719, 0.13141293823719025, 0.1308244913816452, 0.13030119240283966, 0.12983809411525726, 0.1292533278465271, 0.12865638732910156, 0.12821342051029205, 0.127981036901474, 0.1273774653673172, 0.12687978148460388, 0.12651899456977844, 0.12615588307380676, 0.12585218250751495, 0.12531358003616333, 0.12491002678871155, 0.12443380057811737, 0.12402388453483582, 0.12372736632823944, 0.12328770756721497, 0.12267706543207169, 0.12218765169382095, 0.12171685695648193, 0.12124621868133545, 0.12082033604383469, 0.12076631933450699, 0.12021313607692719, 0.11982382088899612, 0.1196560263633728, 0.11926784366369247, 0.11897891759872437, 0.11861974745988846, 0.11820288002490997, 0.11789208650588989, 0.11745864152908325, 0.11689426004886627, 0.11646401137113571, 0.11640146374702454, 0.11594833433628082, 0.115531787276268, 0.11520157754421234, 0.11490857601165771, 0.11457132548093796, 0.11427091062068939, 0.11392855644226074, 0.11352089792490005, 0.11337786912918091, 0.11298234760761261, 0.11258857697248459, 0.1122119352221489, 0.11192256957292557, 0.1118529662489891, 0.11140357702970505, 0.11116241663694382, 0.11090757697820663, 0.11068073660135269, 0.11031120270490646, 0.10999493300914764, 0.10965129733085632, 0.1094641461968422, 0.10910642147064209, 0.10873952507972717, 0.10846767574548721, 0.10816087573766708, 0.10787391662597656, 0.10751596838235855, 0.10732793807983398, 0.10696863383054733, 0.1068786233663559, 0.10652147233486176, 0.1062711626291275, 0.10598369687795639, 0.10566815733909607, 0.10542123764753342, 0.10506366193294525, 0.10478588193655014, 0.1045600175857544, 0.10444507747888565, 0.10405050218105316, 0.10382840782403946, 0.10357785224914551, 0.1033022552728653, 0.10300551354885101, 0.10269004106521606, 0.10236316919326782, 0.10221466422080994, 0.1019132062792778, 0.1016550287604332, 0.10144282132387161, 0.10124096274375916, 0.10100620985031128, 0.10074179619550705, 0.10045119374990463, 0.100138358771801, 0.09982306510210037, 0.09950646013021469, 0.09930668771266937, 0.09912683814764023, 0.09869682043790817, 0.09849821776151657, 0.0983056128025055, 0.09809394180774689, 0.09785931557416916, 0.09759976714849472, 0.09731771796941757, 0.09701849520206451, 0.09670649468898773, 0.09638611972332001, 0.09617680311203003, 0.0958695262670517, 0.09554710239171982, 0.09531179070472717, 0.09520997107028961, 0.09485966712236404, 0.09463892877101898, 0.09439992904663086, 0.09413988888263702, 0.0938607007265091, 0.09356649219989777, 0.09326591342687607, 0.09296002984046936, 0.09271395206451416, 0.09248090535402298, 0.09213802218437195, 0.09190669655799866, 0.09165289998054504, 0.09142931550741196, 0.09118999540805817, 0.09101888537406921, 0.09068463742733002, 0.09042071551084518, 0.09014420211315155, 0.08985277265310287, 0.08954796940088272, 0.08923990279436111, 0.08892695605754852, 0.08886295557022095, 0.08835526555776596, 0.08816977590322495, 0.08787297457456589, 0.08761914074420929, 0.08739106357097626, 0.0871487557888031, 0.08690235763788223, 0.08664129674434662, 0.08637575805187225, 0.0860959067940712, 0.0858033150434494, 0.08550287783145905, 0.08519371598958969, 0.08490253984928131, 0.08466796576976776, 0.08431941270828247, 0.08404190838336945, 0.08377143740653992, 0.0835358053445816, 0.08328071236610413, 0.08303676545619965, 0.0827782154083252, 0.08250336349010468, 0.08221288025379181, 0.08199530839920044, 0.08162710070610046, 0.08133426308631897, 0.08103269338607788, 0.0807274654507637, 0.08048445731401443, 0.0802190750837326, 0.07986080646514893, 0.07958170026540756, 0.0792938768863678, 0.07919754832983017, 0.07877814769744873, 0.07853834331035614, 0.07828496396541595, 0.07801508903503418, 0.07773160189390182, 0.07743367552757263, 0.07712703198194504, 0.07683752477169037, 0.07654135674238205, 0.07623632997274399, 0.07601666450500488, 0.0756334438920021, 0.0753723755478859, 0.07505398988723755, 0.07476701587438583, 0.07447123527526855, 0.07436154037714005, 0.0739273801445961, 0.07367590814828873, 0.07340486347675323, 0.07311949878931046, 0.07281714677810669, 0.07249977439641953, 0.07217161357402802, 0.07184210419654846, 0.0717519149184227, 0.07131636142730713, 0.07093293219804764, 0.07064732909202576, 0.07035431265830994, 0.07012774050235748, 0.06978000700473785, 0.06948874890804291, 0.0691840872168541, 0.0689028650522232, 0.06865244358778, 0.06833387911319733, 0.06806472688913345, 0.06778010725975037, 0.06748160719871521, 0.06716813147068024, 0.06684187054634094, 0.06650678813457489, 0.06617576628923416, 0.06591243296861649, 0.06554453819990158, 0.0652405321598053, 0.06492800265550613, 0.06460899114608765, 0.06436170637607574, 0.06397226452827454, 0.06365488469600677, 0.06333376467227936, 0.06309114396572113, 0.06277287751436234, 0.06245429068803787, 0.062136679887771606, 0.06185494735836983, 0.061565838754177094, 0.061264216899871826, 0.06095142289996147, 0.06062733381986618, 0.060295820236206055, 0.05996129661798477, 0.05962182581424713, 0.05939480662345886, 0.05895807221531868, 0.058632105588912964, 0.0584070049226284, 0.05798936262726784, 0.057669203728437424, 0.05739099532365799, 0.05703433230519295, 0.056721024215221405, 0.056411013007164, 0.05610223859548569, 0.055797383189201355, 0.05549148842692375, 0.05516866594552994, 0.05486029386520386, 0.054607972502708435, 0.054251182824373245, 0.053946707397699356, 0.05363199859857559, 0.05330754071474075, 0.05297514796257019, 0.05263567715883255, 0.052293114364147186, 0.05195150524377823, 0.0517306923866272, 0.05127997696399689, 0.05094756931066513, 0.050614599138498306, 0.05032196640968323, 0.049954336136579514, 0.04962586238980293, 0.049294330179691315, 0.04904209449887276, 0.04865729436278343, 0.048350267112255096, 0.048036009073257446, 0.047720734030008316, 0.04739926755428314, 0.04707248508930206, 0.04680749773979187, 0.046455226838588715, 0.046127576380968094, 0.04582575708627701, 0.04551311582326889, 0.04519117623567581, 0.044859688729047775, 0.04452192783355713, 0.04417966306209564, 0.04391632601618767, 0.043504007160663605, 0.04317104071378708, 0.0428360253572464, 0.04250004142522812, 0.04216243699193001, 0.041823968291282654, 0.04153342917561531, 0.041157420724630356, 0.04095584899187088, 0.040513236075639725, 0.04024377837777138, 0.03989070653915405, 0.03957643732428551, 0.03926185145974159, 0.03894586116075516, 0.03862530365586281, 0.038320302963256836, 0.037989381700754166, 0.037673503160476685, 0.037372082471847534, 0.03704949468374252, 0.036737918853759766, 0.036418698728084564, 0.036092616617679596, 0.035794589668512344, 0.035443246364593506, 0.035120364278554916, 0.034794434905052185, 0.03446681797504425, 0.034138742834329605, 0.033809781074523926, 0.03348005563020706, 0.033149898052215576, 0.032994937151670456, 0.032517679035663605, 0.032211221754550934, 0.03190992772579193, 0.03161261975765228, 0.03129662945866585, 0.030996015295386314, 0.030693013221025467, 0.030386457219719887, 0.030076105147600174, 0.02976301684975624]"
2025-04-07T19:58:31.733720,"('[C2mim][CH3SO3]', 'Aluminum Oxide (Al2O3)', np.float64(50.0), np.float64(10.0), '-')",1,"[0.5936648845672607, 0.5123249888420105, 0.4454895257949829, 0.3925056457519531, 0.3461306691169739, 0.30821681022644043, 0.2792285084724426, 0.255723774433136, 0.23856432735919952, 0.22780591249465942, 0.22061438858509064, 0.21582728624343872, 0.2125401496887207, 0.2087060809135437, 0.20393522083759308, 0.1975976824760437, 0.1898978054523468, 0.18146514892578125, 0.17273470759391785, 0.16535058617591858, 0.15908585488796234, 0.15467581152915955, 0.1515987068414688, 0.14881959557533264, 0.14615654945373535, 0.14280125498771667, 0.1397111415863037, 0.13614560663700104, 0.13246065378189087, 0.12911823391914368, 0.12601253390312195, 0.12320801615715027, 0.12036432325839996, 0.11763858795166016, 0.11505114287137985, 0.11228743195533752, 0.10962808132171631, 0.10692722350358963, 0.10423886030912399, 0.10149237513542175, 0.0991116538643837, 0.09681175649166107, 0.09442329406738281, 0.09168629348278046, 0.0890127420425415, 0.08665018528699875, 0.08421781659126282, 0.08174078166484833, 0.07974958419799805, 0.07792595028877258, 0.07577452063560486, 0.07356418669223785, 0.07146108150482178, 0.06977332383394241, 0.06806039065122604, 0.06613580882549286, 0.06386463344097137, 0.0618412159383297, 0.05999761074781418, 0.05806974694132805, 0.05611801892518997, 0.05422800034284592, 0.05224158242344856, 0.05032467842102051, 0.0482800230383873, 0.04629789665341377, 0.04432554543018341, 0.042400117963552475, 0.04048655554652214, 0.038558777421712875, 0.03672759607434273]"
2025-04-07T19:59:00.550175,"('[C2mim][CH3SO3]', 'Aluminum Oxide (Al2O3)', np.float64(50.0), np.float64(15.0), '-')",1,"[0.8088957071304321, 0.7295262813568115, 0.6585865020751953, 0.5934162735939026, 0.5344750881195068, 0.4818718433380127, 0.43460917472839355, 0.3925618827342987, 0.35443001985549927, 0.32111603021621704, 0.2940479516983032, 0.2727320194244385, 0.2551305890083313, 0.24143436551094055, 0.23102347552776337, 0.2230263203382492, 0.21655811369419098, 0.21103540062904358, 0.20668479800224304, 0.20221690833568573, 0.19692999124526978, 0.19023635983467102, 0.1831592470407486, 0.17655453085899353, 0.17010292410850525, 0.16387763619422913, 0.15851804614067078, 0.1542414277791977, 0.15066102147102356, 0.14753863215446472, 0.14466868340969086, 0.1422717273235321, 0.1400962769985199, 0.1376587301492691, 0.13464416563510895, 0.1316063404083252, 0.12931586802005768, 0.1273600459098816, 0.1254735291004181, 0.12342720478773117, 0.12141858041286469, 0.11937452852725983, 0.11781191825866699, 0.11616720259189606, 0.11424736678600311, 0.11217907816171646, 0.11071659624576569, 0.10916959494352341, 0.1074017658829689, 0.10630055516958237, 0.10508398711681366, 0.10336293280124664, 0.10169018805027008, 0.10017004609107971, 0.09896264970302582, 0.09752786159515381, 0.09633840620517731, 0.09491239488124847, 0.09352852404117584, 0.09245876967906952, 0.09125006198883057, 0.0903305783867836, 0.08923490345478058, 0.08799472451210022, 0.08675658702850342, 0.0855320543050766, 0.08437459170818329, 0.08334659039974213, 0.08210330456495285, 0.08084387332201004, 0.08013249188661575, 0.07905977964401245, 0.07813689857721329, 0.0774942934513092, 0.07680681347846985, 0.07583089172840118]"
2025-04-07T20:09:39.544213,"('[C2mim][CH3SO3]', 'Aluminum Oxide (Al2O3)', np.float64(50.0), np.float64(10.0), 'Unknown')",1,"[1.1318469047546387, 0.795218825340271, 0.906247615814209, 0.8165204524993896, 0.7922353744506836, 0.6523399949073792, 0.5267595648765564, 0.48486536741256714, 0.6697802543640137, 0.6473473310470581, 0.6994981169700623, 0.5367514491081238, 0.6067168712615967, 0.48294904828071594, 0.4118260443210602, 0.3031359910964966, 0.4502400755882263, 0.3998318016529083, 0.4013299345970154, 0.5679588317871094, 0.34126535058021545, 0.44643399119377136, 0.32434898614883423, 0.350443571805954, 0.4931604564189911, 0.4187670946121216, 0.33846020698547363, 0.3459875285625458, 0.12344720214605331, 0.5310976505279541, 0.2759857177734375, 0.24620692431926727, 0.19326861202716827, 0.1740519255399704, 0.460951030254364, 0.3150770366191864, 0.2691057026386261, 0.2221183478832245, 0.13334281742572784, 0.14665132761001587, 0.16688615083694458, 0.2604001760482788, 0.14639264345169067, 0.35124778747558594, 0.33574116230010986, 0.244669109582901, 0.096279576420784, 0.12477288395166397, 0.17153874039649963, 0.19131070375442505, 0.1954827904701233, 0.040895428508520126, 0.3949269652366638, 0.23508206009864807, 0.10213407129049301, 0.5500816106796265, 0.1398082971572876, 0.04017885401844978, 0.14764171838760376, 0.13714352250099182, 0.23829154670238495, 0.04786844551563263, 0.23325228691101074, 0.25834912061691284, 0.09492760896682739, 0.18463116884231567, 0.07514074444770813, 0.19090914726257324, 0.22212669253349304, 0.07323825359344482, 0.1278855800628662, 0.1879688799381256, 0.27582231163978577, 0.16688162088394165]"
2025-04-07T20:10:09.754217,"('[C2mim][CH3SO3]', 'Aluminum Oxide (Al2O3)', np.float64(50.0), np.float64(15.0), 'Unknown')",1,"[0.9571654796600342, 0.8344439268112183, 0.6947604417800903, 0.5832565426826477, 0.5874485373497009, 0.6564770936965942, 0.6778525710105896, 0.4730932116508484, 0.577217161655426, 0.4832315146923065, 0.4997534453868866, 0.34871208667755127, 0.27167338132858276, 0.389046847820282, 0.4106680154800415, 0.3676437437534332, 0.37938758730888367, 0.3703831434249878, 0.2416929304599762, 0.33045968413352966, 0.2669276297092438, 0.30757585167884827, 0.13720136880874634, 0.30961689352989197, 0.3340630829334259, 0.39922720193862915, 0.1937858611345291, 0.4074898660182953, 0.12136238068342209, 0.29761362075805664, 0.3675820827484131, 0.31534022092819214, 0.36759260296821594, 0.22135919332504272, 0.15020760893821716, 0.14418944716453552, 0.3536416292190552, 0.20418104529380798, 0.28351759910583496, 0.2852201461791992, 0.1998419165611267, 0.13493061065673828, 0.2458747774362564, 0.2387833297252655, 0.19406847655773163, 0.269722580909729, 0.19878007471561432, 0.1793385148048401, 0.09307616204023361, 0.13920077681541443, 0.17223066091537476, 0.2162635326385498, 0.13201969861984253, 0.28680315613746643, 0.20905253291130066, 0.24004635214805603, 0.11935390532016754, 0.1306239366531372, 0.11812520027160645, 0.3187466263771057, 0.07548585534095764, 0.11483320593833923, 0.18410536646842957, 0.09595587849617004, 0.44439923763275146, 0.20212051272392273, 0.039422228932380676, 0.23728246986865997, 0.09761110693216324, 0.0853472501039505, 0.16764460504055023, 0.3037761449813843, 0.21953502297401428, 0.07604983448982239, 0.08078651130199432]"
2025-04-07T20:53:23.769176,"('[C2mim][CH3SO3]', 'Aluminum Oxide (Al2O3)', np.float64(50.0), np.float64(10.0), '-')",0,"[[0.7085360884666443, 0.55681312084198, 0.5031181573867798, 0.5009320378303528, 0.48022857308387756, 0.419542133808136, 0.428908109664917, 0.39190179109573364, 0.3836040496826172, 0.2715176045894623, 0.2687608003616333, 0.21078768372535706, 0.20227262377738953, 0.2533798813819885, 0.19298198819160461, 0.10161212086677551, 0.21098560094833374, 0.045500289648771286, 0.24626554548740387, 0.057035673409700394, 0.09914448857307434, 0.1255151331424713, 0.38324201107025146, 0.04392528906464577, 0.11443743854761124, 0.09213609993457794, 0.059543825685977936, 0.10602573305368423, 0.14295834302902222, 0.05180090665817261, 0.11522462218999863, 0.1909765899181366, 0.041052140295505524, 0.12151242047548294, 0.053126946091651917, 0.16098736226558685, 0.10188927501440048, 0.07291396707296371, 0.06636381894350052, 0.12534092366695404, 0.031536005437374115, 0.16039201617240906, 0.1263529360294342, 0.14794830977916718, 0.13940057158470154, 0.023574326187372208, 0.00797487236559391, 0.08839654177427292, 0.18252885341644287, 0.04465428367257118]]"
2025-04-07T20:54:10.198993,"('[C2mim][CH3SO3]', 'Aluminum Oxide (Al2O3)', np.float64(50.0), np.float64(15.0), '-')",0,"[[0.643627941608429, 0.5676925182342529, 0.43806591629981995, 0.5210776925086975, 0.7804720401763916, 0.3638036847114563, 0.4442219138145447, 0.20928950607776642, 0.23778441548347473, 0.38066402077674866, 0.2423393726348877, 0.31589409708976746, 0.20349664986133575, 0.21515506505966187, 0.17393061518669128, 0.1995130181312561, 0.0931725949048996, 0.1189102903008461, 0.09575080871582031, 0.03361835703253746, 0.10645512491464615, 0.07451773434877396, 0.1349448710680008, 0.06266902387142181, 0.1103927418589592, 0.14999280869960785, 0.0932828038930893, 0.21871310472488403, 0.07923227548599243, 0.1743066906929016, 0.2297193855047226, 0.17467908561229706, 0.001431512413546443, 0.09589873254299164, 0.11590790003538132, 0.039323389530181885, 0.06747579574584961, 0.08546271920204163, 0.07506190240383148, 0.036906495690345764, 0.14901885390281677, 0.08615672588348389, 0.05756433308124542, 0.12150141596794128, 0.05103385075926781, 0.3522546589374542, 0.33308035135269165, 0.12002819031476974, 0.12754730880260468, 0.055470019578933716]]"
2025-04-07T20:54:27.164601,"('[C4mmim][Tf2N]', 'Aluminum Oxide', np.float64(3.0), np.float64(0.5), 'Whisker')",-1,"[[1.2252013683319092, 0.9848085045814514, 0.6657729148864746, 1.1284722089767456, 0.9735334515571594, 0.8287476897239685, 0.8406522870063782, 0.9216713905334473, 0.5336560010910034, 0.6779860854148865, 0.6672544479370117, 0.43626758456230164, 0.7497547268867493, 0.4075998067855835, 0.6291444301605225, 0.42922112345695496, 0.3952957093715668, 0.37601372599601746, 0.5128383040428162, 0.23026035726070404, 0.30073943734169006, 0.21200884878635406, 0.3622188866138458, 0.1894242912530899, 0.27228185534477234, 0.07462645322084427, 0.0833534374833107, 0.24501250684261322, 0.1633150726556778, 0.08390793204307556, 0.05210374295711517, 0.006149837747216225, 0.07509372383356094, 0.10630759596824646, 0.1348372846841812, 0.1908174604177475, 0.0450994074344635, 0.008557134307920933, 0.01564945839345455, 0.0029949666932225227, 0.0996900275349617, 0.18604184687137604, 0.003453056560829282, 0.25650641322135925, 0.26216110587120056, 0.3482731282711029, 0.050631746649742126, 0.10356152057647705, 0.21963001787662506, 0.11236274242401123]]"
2025-04-07T20:57:20.277933,"('[C2mim][CH3SO3]', 'Aluminum Oxide (Al2O3)', np.float64(50.0), np.float64(10.0), '-')",0,"[[0.8257039785385132, 0.6737228631973267, 0.5774007439613342, 0.45748692750930786, 0.4724597930908203, 0.6430622339248657, 0.3953254520893097, 0.39021599292755127, 0.41241684556007385, 0.2982979416847229, 0.3486613631248474, 0.26623010635375977, 0.2855713665485382, 0.37949103116989136, 0.2066604644060135, 0.42191699147224426, 0.2088029831647873, 0.37874042987823486, 0.15517792105674744, 0.21884748339653015, 0.14466308057308197, 0.29074767231941223, 0.20441028475761414, 0.20039884746074677, 0.21918871998786926, 0.035709284245967865, 0.4058002829551697, 0.039563052356243134, 0.08334633708000183, 0.2151038646697998, 0.07520794868469238, 0.13526651263237, 0.16294680535793304, 0.16626909375190735, 0.1511770486831665, 0.024271542206406593, 0.028274882584810257, 0.08351316303014755, 0.09261482208967209, 0.10341610014438629, 0.14225506782531738, 0.07919876277446747, 0.09434337168931961, 0.1562502682209015, 0.06152843311429024, 0.06843311339616776, 0.12542732059955597, 0.06700406968593597, 0.023556403815746307, 0.16891460120677948]]"
2025-04-07T21:03:49.246549,"('[C2mim][CH3SO3]', 'Aluminum Oxide (Al2O3)', np.float64(50.0), np.float64(10.0), '-')",-1,"[[0.8119091391563416, 0.6174816489219666, 0.9330098628997803, 0.49920928478240967, 0.557124137878418, 0.5703969597816467, 0.28890445828437805, 0.3624863028526306, 0.23171000182628632, 0.3008756935596466, 0.25523287057876587, 0.24666696786880493, 0.17397934198379517, 0.3125110864639282, 0.19076089560985565, 0.13382744789123535, 0.17587275803089142, 0.13868945837020874, 0.11637626588344574, 0.09325187653303146, 0.5041358470916748, 0.29733675718307495, 0.1903066635131836, 0.07541048526763916, 0.15523964166641235, 0.18157744407653809, 0.1821708083152771, 0.08273587375879288, 0.1440170258283615, 0.11309590935707092, 0.08127763122320175, 0.1267346441745758, 0.11709828674793243, 0.026619425043463707, 0.10324068367481232, 0.02319384552538395, 0.0481826588511467, 0.0328901931643486, 0.18808935582637787, 0.08967052400112152, 0.0943676084280014, 0.07305607199668884, 0.144442617893219, 0.11584499478340149, 0.029862400144338608, 0.11910185217857361, 0.08340021222829819, 0.15370988845825195, 0.02027965523302555, 0.20903676748275757]]"
2025-04-07T21:09:59.766550,"('[C2mim][CH3SO3]', 'Aluminum Oxide (Al2O3)', np.float64(50.0), np.float64(10.0), '-')",-2,"[[0.6780999898910522, 0.5906040668487549, 0.5317569375038147, 0.4240661859512329, 0.5779865980148315, 0.4549100399017334, 0.170822873711586, 0.3638995885848999, 0.3028005361557007, 0.2471374273300171, 0.18049949407577515, 0.3870399594306946, 0.11514922976493835, 0.5501822233200073, 0.27776390314102173, 0.22336693108081818, 0.054743263870477676, 0.07352685928344727, 0.09022685885429382, 0.24882912635803223, 0.1030910536646843, 0.17643460631370544, 0.09200693666934967, 0.18771949410438538, 0.12229578197002411, 0.10598807036876678, 0.08102638274431229, 0.08379445225000381, 0.20712190866470337, 0.07319406419992447, 0.0859280377626419, 0.15439262986183167, 0.01873076520860195, 0.06346109509468079, 0.15168534219264984, 0.044090352952480316, 0.07332728058099747, 0.15529093146324158, 0.12595713138580322, 0.0462837889790535, 0.031050803139805794, 0.2982190251350403, 0.09558280557394028, 0.09661941230297089, 0.12936584651470184, 0.07793635129928589, 0.2679715156555176, 0.0445089265704155, 0.15187054872512817, 0.047633975744247437]]"
2025-04-07T21:10:17.047009,"('[C2mim][CH3SO3]', 'Aluminum Oxide (Al2O3)', np.float64(50.0), np.float64(15.0), '-')",-1,"[[0.68839031457901, 0.6869421601295471, 0.7386767864227295, 0.6881008744239807, 0.43249186873435974, 0.481092244386673, 0.5609400272369385, 0.6136242747306824, 0.5328497290611267, 0.3780858814716339, 0.33163198828697205, 0.4768671989440918, 0.29961100220680237, 0.26334813237190247, 0.4183308780193329, 0.35643649101257324, 0.3753858208656311, 0.19982601702213287, 0.4607962965965271, 0.36777400970458984, 0.32291290163993835, 0.23291170597076416, 0.23005542159080505, 0.29914945363998413, 0.23531179130077362, 0.06536261737346649, 0.053211621940135956, 0.1818898469209671, 0.15010806918144226, 0.22180402278900146, 0.2529374063014984, 0.09549777209758759, 0.056675516068935394, 0.1763576716184616, 0.17945685982704163, 0.4449911117553711, 0.24899597465991974, 0.1101560965180397, 0.33719637989997864, 0.1958061307668686, 0.058792367577552795, 0.20465968549251556, 0.16386449337005615, 0.2084275335073471, 0.27863940596580505, 0.23901693522930145, 0.19735023379325867, 0.1689613312482834, 0.053098756819963455, 0.03486664593219757]]"
2025-04-07T21:12:31.282038,"('[C4mmim][Tf2N]', 'Aluminum Oxide', np.float64(3.0), np.float64(0.5), 'Whisker')",0,"[[1.0666826963424683, 0.8775586485862732, 1.2566298246383667, 1.101192593574524, 1.1938809156417847, 0.8868603706359863, 0.8300158977508545, 0.785481870174408, 0.9025464057922363, 0.9193320274353027, 0.6352428793907166, 0.7484440803527832, 0.629025936126709, 0.6067723631858826, 0.527514636516571, 0.7239816784858704, 0.4256746768951416, 0.38839998841285706, 0.3803121745586395, 0.5763137340545654, 0.6313636898994446, 0.3648569583892822, 0.43780624866485596, 0.46854960918426514, 0.2830408811569214, 0.5603577494621277, 0.13889318704605103, 0.05286645516753197, 0.22962695360183716, 0.28265485167503357, 0.1573459655046463, 0.4304392635822296, 0.5572102665901184, 0.29669392108917236, 0.23842759430408478, 0.24013583362102509, 0.19465649127960205, 0.24274508655071259, 0.0233931764960289, 0.10189910978078842, 0.10155341774225235, 0.12754321098327637, 0.0802687406539917, 0.24322624504566193, 0.10709327459335327, 0.2600785195827484, 0.23239712417125702, 0.48457619547843933, 0.3405548334121704, 0.05108508840203285]]"
2025-04-07T21:28:27.953494,"('[C2mim][CH3SO3]', 'Aluminum Oxide (Al2O3)', np.float64(50.0), np.float64(10.0), '-')",-1,"[[0.44205060601234436, 0.4045560657978058, 0.4057713747024536, 0.28923699259757996, 0.3345784842967987, 0.2246251106262207, 0.1793077290058136, 0.15089179575443268, 0.1716935932636261, 0.17119838297367096, 0.3063887357711792, 0.18344318866729736, 0.09172983467578888, 0.29916515946388245, 0.3262214660644531, 0.02279798313975334, 0.15868112444877625, 0.31334882974624634, 0.07541530579328537, 0.05453339219093323, 0.09801848232746124, 0.059470608830451965, 0.10634452104568481, 0.14808771014213562, 0.032592207193374634, 0.07101339101791382, 0.12656323611736298, 0.24151521921157837, 0.12305997312068939, 0.19966992735862732, 0.059734735637903214, 0.012686938047409058, 0.105939581990242, 0.06233585625886917, 0.07234125584363937, 0.04347378760576248, 0.06883510947227478, 0.12098059058189392, 0.061510566622018814, 0.11320353299379349, 0.07237359881401062, 0.09760424494743347, 0.12353047728538513, 0.05173846706748009, 0.13823622465133667, 0.0998629480600357, 0.12035670876502991, 0.10160700231790543, 0.22078406810760498, 0.034319717437028885]]"
2025-04-07T21:29:38.003875,"('[C2mim][CH3SO3]', 'Aluminum Oxide (Al2O3)', np.float64(50.0), np.float64(15.0), '-')",0,"[[0.645412266254425, 0.5928840041160583, 0.5850986838340759, 0.3370017111301422, 0.4544423520565033, 0.5078741908073425, 0.38094696402549744, 0.4482851028442383, 0.3282233476638794, 0.4475693702697754, 0.3020291030406952, 0.25657686591148376, 0.39239931106567383, 0.370858758687973, 0.30590781569480896, 0.1918412297964096, 0.16862159967422485, 0.3091919422149658, 0.11543534696102142, 0.20416516065597534, 0.2626405656337738, 0.040665436536073685, 0.16794422268867493, 0.15101073682308197, 0.07964451611042023, 0.15141326189041138, 0.048804305493831635, 0.18293926119804382, 0.1425379067659378, 0.09326891601085663, 0.2028658390045166, 0.0320696085691452, 0.03384934738278389, 0.1466715931892395, 0.05637392774224281, 0.03612217307090759, 0.05045081302523613, 0.222322016954422, 0.16731800138950348, 0.03842063620686531, 0.04842974618077278, 0.08279937505722046, 0.046763114631175995, 0.004783736541867256, 0.030328085646033287, 0.03808247298002243, 0.10732007026672363, 0.07320138812065125, 0.03227267786860466, 0.07290700823068619]]"
2025-04-07T21:31:26.610941,"('[C4mmim][Tf2N]', 'Aluminum Oxide', np.float64(3.0), np.float64(0.5), 'Whisker')",1,"[[1.258097767829895, 0.9701535701751709, 1.1782095432281494, 1.0396631956100464, 0.9160468578338623, 1.0065680742263794, 1.1287769079208374, 0.8884467482566833, 0.9307782053947449, 0.8079667091369629, 0.9312439560890198, 0.8141466975212097, 0.43091437220573425, 0.7141689658164978, 0.7509770393371582, 0.44898924231529236, 0.687103807926178, 0.7144796252250671, 0.30614715814590454, 0.52657151222229, 0.3176393210887909, 0.5801779627799988, 0.44978103041648865, 0.34555327892303467, 0.3076995313167572, 0.2459772676229477, 0.3410905599594116, 0.15402017533779144, 0.21065138280391693, 0.2311992645263672, 0.26185494661331177, 0.03592647239565849, 0.17875398695468903, 0.33839595317840576, 0.027709005400538445, 0.060332950204610825, 0.10334929078817368, 0.07220060378313065, 0.14695356786251068, 0.11688333749771118, 0.5306577682495117, 0.24859942495822906, 0.04696810245513916, 0.268511027097702, 0.20585417747497559, 0.2709634304046631, 0.08192656189203262, 0.06253689527511597, 0.08060821145772934, 0.08395612239837646]]"
